userID,postID,score
1,5b01690344d9041d3f20fc49,60
1,5b01690967f356b38bdc57d4,60
1,5b01690867f356b38bdc57c5,60
2,5b01690a2f301e00624f7a7a,60
2,5b01690b67f356b38bdc57f0,60
2,5b01690d2f301e00624f7a98,60
3,5b01690f9f54543b31b32a2b,60
3,5b01690efb4ffe005d666278,60
4,5b0169189f54540044d66335,60
4,5b01691ca22b9d0044b58b0a,60
5,5b01691d9f54540044d66367,60
6,5b01692d67f356b38bdc5919,60
5,5b01691e9f54540044d66375,60
5,5b01691f9f5454006f4702d0,60
5,5b016920a22b9d0044b58b3a,60
7,5b01692317d009726f24d719,60
7,5b0169279f54540044d663da,60
6,5b01692c9f54540044d663fd,60
8,5b01692ffb4ffe005d6663d3,60
8,5b016933a22b9d0044b58bd9,60
8,5b016937a22b9d0044b58bf6,60
9,5b0169489f5454006f47041f,60
7,5b0169387f6fd3188a64fce2,60
7,5b01693b9f5454006f4703b5,60
2,5b01693c44d9041d3f20fdf0,60
2,5b01693dac502e5deddb9f24,60
2,5b016946a22b9d0044b58c71,60
9,5b016947fb4ffe005d66647f,60
10,5b01694efe88c29ab13e60d6,60
10,5b01694f17d009726f24d875,60
10,5b01695167f356b38bdc5a1f,60
1,5b01694aac502e5deddb9f9e,60
1,5b01694c44d9041d3f20fe54,60
1,5b01694d2f301e00624f7ce6,60
9,5b016957a22b9d0044b58ce6,60
11,5b016953fe88c29ab13e60f1,60
11,5b0169547f6fd3188a64fdcc,60
11,5b01695667f356b38bdc5a46,60
12,5b016966a22b9d0044b58d41,60
13,5b0169679f54543b31b32cde,60
14,5b01698844d9041d3f20fff5,60
15,5b016979fe88c29ab13e6212,60
16,5b01697b2f301e00624f7e0c,60
17,5b01697d67f356b38bdc5b6b,60
17,5b016983fb4ffe005d666602,60
18,5b01697f17d009726f24d9c0,60
12,5b0169997f6fd3188a64ffa0,60
8,5b0169a6fe88c29ab13e638a,60
19,5b01699ca22b9d0044b58eb6,60
4,5b0169ac2f301e00624f7f7a,60
20,5b01699e9f54543b31b32e6d,60
13,5b0169a044d9041d3f210096,60
16,5b0169a27f6fd3188a64ffdb,60
3,5b0169a7ac502e5deddba28c,60
4,5b0169b0a22b9d0044b58f36,60
21,5b0169b22f301e00624f7fa6,60
14,5b0169c6fb4ffe005d6667ee,60
2,5b0169b77f6fd3188a650078,60
22,5b0169b9ac502e5deddba316,60
6,5b0169ca9f54540044d66855,60
7,5b0169be44d9041d3f2101c5,60
6,5b0169ccac502e5deddba394,60
21,5b0169c267f356b38bdc5d46,60
18,5b0169bf67f356b38bdc5d31,60
22,5b0169d0a22b9d0044b59032,60
12,5b0169e367f356b38bdc5e03,60
21,5b0169c97f6fd3188a6500ed,60
13,5b0169e4a22b9d0044b590dc,60
20,5b0169e567f356b38bdc5e14,60
2,5b0169e79f54540044d6690b,60
23,5b016a0e17d009726f24dd71,60
24,5b0169ebac502e5deddba465,60
18,5b0169ec9f54543b31b330ae,60
17,5b0169f7ac502e5deddba4a9,60
15,5b016a0144d9041d3f210384,60
4,5b016a04a22b9d0044b591a6,60
15,5b016a1ea22b9d0044b5924c,60
16,5b016a087f6fd3188a650274,60
25,5b016a229f5454006f470a8e,60
19,5b016a209f54540044d66a94,60
14,5b016a2da22b9d0044b592c4,60
20,5b016a289f5454006f470ad4,60
6,5b016a23ac502e5deddba635,60
1,5b016a26fb4ffe005d666a58,60
2,5b016a25ac502e5deddba644,60
18,5b016a2aac502e5deddba66d,60
8,5b016a2fa22b9d0044b592db,60
16,5b016a319f5454006f470b0c,60
3,5b016a2e9f54540044d66b00,60
25,5b016a3817d009726f24df7b,60
1,5b016a36ac502e5deddba6c0,60
26,5b016a322f301e00624f830e,60
3,5b016a3e9f54543b31b332af,60
23,5b016a409f5454006f470b88,60
23,5b016a4a9f5454006f470bda,60
12,5b016a5d2f301e00624f8432,60
16,5b016a3ba22b9d0044b59339,60
14,5b016a68fb4ffe005d666c4e,60
21,5b016a3afb4ffe005d666afc,60
2,5b016a3c9f5454006f470b70,60
14,5b016a63ac502e5deddba7f6,60
25,5b016a6e7f6fd3188a65055c,60
2,5b016a717f6fd3188a650579,60
25,5b016a782f301e00624f84dd,60
26,5b016a70ac502e5deddba84e,60
19,5b016a8afe88c29ab13e6a73,60
19,5b016a8c9f54540044d66d81,60
21,5b016a739f5454006f470cec,60
17,5b016a77fe88c29ab13e69e9,60
4,5b016a7b17d009726f24e1ac,60
26,5b016a88a22b9d0044b59557,60
20,5b016a8617d009726f24e1f8,60
20,5b016a8ea22b9d0044b5959e,60
26,5b016aa4a22b9d0044b5963e,60
2,5b016a9944d9041d3f210767,60
22,5b016aaa7f6fd3188a650717,60
22,5b016a9bac502e5deddba95c,60
22,5b016aad7f6fd3188a650736,60
17,5b016aa044d9041d3f2107a0,60
19,5b016aa2fb4ffe005d666df7,60
26,5b016aa617d009726f24e2ef,60
13,5b016ac3a22b9d0044b5972b,60
15,5b016abb2f301e00624f8688,60
25,5b016aea2f301e00624f87d3,60
4,5b016abfa22b9d0044b59713,60
13,5b016ac19f54540044d66ecc,60
15,5b016ae9fb4ffe005d666ff1,60
12,5b016ada9f54540044d66f7c,60
25,5b016af4fe88c29ab13e6db6,60
18,5b016aee2f301e00624f87fe,60
1,5b016aec7f6fd3188a6508bf,60
27,5b016af044d9041d3f2109cb,60
27,5b016af19f5454006f471063,60
27,5b016af39f5454006f471074,60
28,5b016af79f54543b31b33793,60
29,5b016afafb4ffe005d667072,60
30,5b016afc17d009726f24e51a,60
31,5b016b022f301e00624f888a,60
32,5b016b0517d009726f24e556,60
33,5b016b0717d009726f24e567,60
34,5b016b109f54543b31b3383f,60
35,5b016b192f301e00624f8925,60
36,5b016b2f2f301e00624f89c5,60
37,5b016b2e9f54540044d67275,60
10,5b016b497f6fd3188a650b1b,60
10,5b016b4a9f54540044d67336,60
38,5b016b51fe88c29ab13e7063,60
39,5b016b3144d9041d3f210ba5,60
40,5b016b332f301e00624f89e0,60
37,5b016b48ac502e5deddbae45,60
41,5b016b569f5454006f47134b,60
42,5b016b5844d9041d3f210cbb,60
42,5b016b619f54543b31b33a6f,60
43,5b016b63fe88c29ab13e70dc,60
44,5b016b702f301e00624f8b57,60
45,5b016b7167f356b38bdc68a7,60
44,5b016b7844d9041d3f210d9a,60
46,5b016b749f54540044d6745f,60
47,5b016b7b67f356b38bdc68f7,60
44,5b016b7cac502e5deddbafc1,60
44,5b016bb5ac502e5deddbb169,60
29,5b016b7e7f6fd3188a650c9a,60
44,5b016bb89f54543b31b33ce6,60
48,5b016b8da22b9d0044b59d24,60
49,5b016bc1ac502e5deddbb1c6,60
11,5b016bc4fe88c29ab13e7385,60
9,5b016bb0fe88c29ab13e7307,60
44,5b016baffb4ffe005d66753d,60
50,5b016bc6fb4ffe005d6675fa,60
51,5b016bd59f54540044d67728,60
51,5b016be817d009726f24ec94,60
2,5b016bb344d9041d3f210f84,60
51,5b016bf37f6fd3188a650fb4,60
30,5b016bf544d9041d3f211144,60
52,5b016c019f54543b31b33f28,60
52,5b016c0644d9041d3f2111ab,60
52,5b016c099f54543b31b33f5f,60
44,5b016c0b9f5454006f47186e,60
52,5b016c11ac502e5deddbb406,60
52,5b016c13fe88c29ab13e7654,60
29,5b016c167f6fd3188a651094,60
44,5b016c17ac502e5deddbb45a,60
29,5b016c199f54543b31b33fe3,60
1,5b016c1a2f301e00624f90e9,60
29,5b016c1c9f5454006f4718e9,60
29,5b016c1d9f5454006f4718ef,60
51,5b016c2e44d9041d3f2112f1,60
30,5b016c2f44d9041d3f2112fa,60
44,5b016c3c9f5454006f4719d6,60
9,5b016c3da22b9d0044b5a282,60
53,5b016c3f2f301e00624f921b,60
51,5b016c4e67f356b38bdc6f27,60
54,5b016c599f5454006f471b09,60
54,5b016c689f54540044d67b4d,60
54,5b016c7c44d9041d3f21152a,60
54,5b016c7d9f5454006f471c20,60
11,5b016c7ffb4ffe005d667bff,60
51,5b016c8217d009726f24f1c2,60
55,5b016c849f54540044d67c65,60
55,5b016c8544d9041d3f211573,60
55,5b016c872f301e00624f94b6,60
55,5b016c8844d9041d3f21158f,60
30,5b016c987f6fd3188a6514c7,60
30,5b016ca444d9041d3f211682,60
30,5b016ca7a22b9d0044b5a56f,60
30,5b016ca967f356b38bdc72a7,60
56,5b016d449f5454006f4721aa,60
56,5b016d4b7f6fd3188a6519e4,60
56,5b016d517f6fd3188a651a15,60
52,5b016d599f54540044d68292,60
44,5b016d612f301e00624f9b2c,60
54,5b016d71a22b9d0044b5ab49,60
54,5b016d7bac502e5deddbbeb4,60
44,5b016d7cfe88c29ab13e8123,60
25,5b016d809f54540044d683c5,60
57,5b016d892f301e00624f9c63,60
57,5b016d8e17d009726f24faa4,60
57,5b016d9267f356b38bdc7961,60
51,5b016d9a44d9041d3f211d9b,60
58,5b016d9efe88c29ab13e81f9,60
58,5b016dac9f54543b31b34b7a,60
58,5b016db39f54543b31b34bc9,60
58,5b016db517d009726f24fba4,60
10,5b016db87f6fd3188a651d4b,60
58,5b016dbba22b9d0044b5ad5d,60
58,5b016dbe17d009726f24fbdd,60
58,5b016dc59f54543b31b34c7b,60
59,5b016dcf9f54543b31b34cdf,60
59,5b016dde67f356b38bdc7c07,60
59,5b016de3fb4ffe005d668725,60
59,5b016df79f54543b31b34e35,60
59,5b016dfca22b9d0044b5af7a,60
60,5b016dfe44d9041d3f212092,60
60,5b016e0144d9041d3f2120a3,60
57,5b016e037f6fd3188a651fff,60
57,5b016e05ac502e5deddbc326,60
57,5b016e082f301e00624fa06f,60
58,5b016e0c7f6fd3188a65203f,60
58,5b016e1017d009726f24feb0,60
10,5b016e1467f356b38bdc7d97,60
58,5b016e1344d9041d3f212124,60
52,5b016e189f54543b31b34f22,60
52,5b016e1c67f356b38bdc7dd4,60
52,5b016e1dac502e5deddbc3b9,60
52,5b016e1f2f301e00624fa105,60
52,5b016e269f54540044d688b2,60
52,5b016e2867f356b38bdc7e33,60
52,5b016e2c67f356b38bdc7e45,60
9,5b016e2d9f54540044d688e0,60
10,5b016e2ffb4ffe005d668946,60
61,5b016e4244d9041d3f212276,60
61,5b016e4a7f6fd3188a6521f9,60
61,5b016e57fe88c29ab13e879f,60
62,5b016e5f2f301e00624fa2a3,60
62,5b016e64a22b9d0044b5b21f,60
62,5b016e6c7f6fd3188a652318,60
62,5b016e742f301e00624fa32b,60
62,5b016e78fe88c29ab13e8872,60
62,5b016e7cac502e5deddbc656,60
62,5b016e7e67f356b38bdc809a,60
63,5b016e832f301e00624fa388,60
63,5b016e857f6fd3188a6523a4,60
64,5b016e867f6fd3188a6523b7,60
57,5b016e882f301e00624fa3a6,60
61,5b016e977f6fd3188a652434,60
11,5b016e999f54540044d68bed,60
52,5b016e9eac502e5deddbc739,60
52,5b016ea617d009726f2502ae,60
52,5b016eae9f5454006f472b40,60
52,5b016eba7f6fd3188a652522,60
52,5b016ec5a22b9d0044b5b4f3,60
52,5b016ecd67f356b38bdc82b1,60
65,5b016ecf44d9041d3f2126ad,60
65,5b016ed167f356b38bdc82d1,60
65,5b016ed22f301e00624fa5a6,60
58,5b016edb2f301e00624fa5e2,60
58,5b016ee57f6fd3188a65266f,60
58,5b016ee7fb4ffe005d668e24,60
58,5b016ee8fb4ffe005d668e2f,60
65,5b016eeb7f6fd3188a6526a5,60
65,5b016eec9f54540044d68deb,60
65,5b016ef09f54543b31b35558,60
65,5b016ef467f356b38bdc83be,60
65,5b016ef6fb4ffe005d668ead,60
54,5b016ef79f54543b31b3558a,60
54,5b016f00fb4ffe005d668ef2,60
54,5b016f119f5454006f472ecd,60
54,5b016f139f54543b31b3564b,60
54,5b016f1444d9041d3f2128a5,60
54,5b016f1617d009726f250581,60
54,5b016f179f5454006f472f1f,60
61,5b016f1c67f356b38bdc84f4,60
61,5b016f219f5454006f472f64,60
61,5b016f252f301e00624fa817,60
54,5b016f26a22b9d0044b5b7ab,60
14,5b016f277f6fd3188a65289b,60
66,5b016f2d44d9041d3f21295e,60
67,5b016f3217d009726f250675,60
67,5b016f379f5454006f473013,60
67,5b016f399f54543b31b35770,60
67,5b016f3a7f6fd3188a65292b,60
67,5b016f3e67f356b38bdc860d,60
68,5b01771c17d009726f254162,60
10,5b01771d9f54540044d6cbfb,60
10,5b017790fb4ffe005d66cf66,60
10,5b017793ac502e5deddc0bbb,60
10,5b0177959f54543b31b3963a,60
67,5b01779a67f356b38bdcc737,60
6,5b01779c9f5454006f476cf8,60
11,5b01779e2f301e00624fe70a,60
10,5b01779ffb4ffe005d66d06b,60
40,5b0177a69f54540044d6cffb,60
69,5b0177aafb4ffe005d66d11b,60
40,5b0177a9ac502e5deddc0c64,60
69,5b0177ad67f356b38bdcc7ad,60
69,5b0177ae9f54540044d6d03b,60
69,5b0177b0a22b9d0044b5f70e,60
69,5b0177b2fb4ffe005d66d17a,60
69,5b0177b59f5454006f476dc6,60
69,5b0177b82f301e00624fe7d8,60
69,5b0177bc7f6fd3188a656993,60
69,5b0177be9f5454006f476e02,60
69,5b0177c0ac502e5deddc0d07,60
69,5b0177c467f356b38bdcc84f,60
69,5b0177c57f6fd3188a6569e1,60
69,5b0177c82f301e00624fe835,60
69,5b0177cdfe88c29ab13eceee,60
69,5b0177ce17d009726f254626,60
69,5b0177d4fb4ffe005d66d2be,60
69,5b0177d944d9041d3f216a32,60
69,5b0177da2f301e00624fe8a2,60
69,5b0177de17d009726f254696,60
69,5b0177e02f301e00624fe8d2,60
69,5b0177e72f301e00624fe904,60
69,5b0177f09f54543b31b3987f,60
69,5b0177f8fb4ffe005d66d3b6,60
69,5b0177fd17d009726f254759,60
69,5b0178037f6fd3188a656b8c,60
69,5b01780617d009726f25478f,60
69,5b01780d9f54543b31b39946,60
69,5b01781b2f301e00624fea7a,60
11,5b0178d4a22b9d0044b5ffe5,60
11,5b0178dfa22b9d0044b6002a,60
69,5b0178e39f54543b31b39fc7,60
69,5b0178e79f54543b31b39fee,60
69,5b0178e9ac502e5deddc15c9,60
69,5b0178eafe88c29ab13ed738,60
57,5b0178ed9f54543b31b3a01e,60
57,5b0178f27f6fd3188a65728a,60
58,5b017906a22b9d0044b6013e,60
58,5b01791244d9041d3f2172e5,60
58,5b01791dfb4ffe005d66dc84,60
9,5b01791e2f301e00624ff1a7,60
69,5b017921ac502e5deddc1747,60
57,5b01792317d009726f255010,60
69,5b01792417d009726f25501e,60
57,5b0179292f301e00624ff1eb,60
52,5b01792b17d009726f255051,60
52,5b01793017d009726f255074,60
52,5b017933ac502e5deddc17bb,60
52,5b01793444d9041d3f2173e4,60
52,5b0179372f301e00624ff236,60
52,5b01793a44d9041d3f217406,60
52,5b01793e9f54540044d6db6a,60
52,5b01794317d009726f255119,60
52,5b0179482f301e00624ff2ac,60
52,5b01794bfb4ffe005d66ddb6,60
52,5b0179529f5454006f477931,60
52,5b017957ac502e5deddc18c7,60
52,5b017959a22b9d0044b60387,60
52,5b017963fe88c29ab13edaee,60
52,5b017968a22b9d0044b603f7,60
52,5b01796d9f5454006f4779fd,60
52,5b01797767f356b38bdcd48f,60
52,5b01797c44d9041d3f2175d1,60
52,5b017981ac502e5deddc19f7,60
52,5b0179879f5454006f477aa3,60
52,5b01798c9f54543b31b3a44a,60
52,5b017d78a22b9d0044b62271,60
52,5b017d7a9f54543b31b3c24f,60
52,5b017d7ffe88c29ab13ef99f,60
52,5b017d8567f356b38bdcf1de,60
52,5b017d8afb4ffe005d66fde8,60
52,5b017d8e7f6fd3188a659412,60
52,5b017d939f5454006f47984f,60
52,5b017d989f5454006f4798a8,60
52,5b017d9ba22b9d0044b62391,60
52,5b017d9f9f5454006f4798ea,60
52,5b017da29f54543b31b3c3ba,60
52,5b017dab9f5454006f47993c,60
52,5b017db67f6fd3188a65955c,60
52,5b017dbbfb4ffe005d66ffb8,60
52,5b017dbfa22b9d0044b624aa,60
52,5b017dc29f54543b31b3c495,60
52,5b017dcb67f356b38bdcf43a,60
69,5b017dcd7f6fd3188a6595f2,60
69,5b017dce67f356b38bdcf44b,60
70,5b017ddb2f301e0062501460,60
10,5b017ddd17d009726f257257,60
10,5b017ddefb4ffe005d6700d9,60
10,5b017de52f301e00625014f7,60
57,5b017de967f356b38bdcf531,60
70,5b017dd9fb4ffe005d670082,60
69,5b017dd3ac502e5deddc3910,60
57,5b017df5fb4ffe005d67016e,60
57,5b017df744d9041d3f21972f,60
57,5b017df87f6fd3188a65973c,60
57,5b017dec2f301e0062501521,60
57,5b017def9f5454006f479b1c,60
57,5b017df19f54543b31b3c5f8,60
57,5b017df267f356b38bdcf578,60
57,5b017df444d9041d3f219714,60
57,5b017dfa67f356b38bdcf5ae,60
71,5b017e8dfe88c29ab13f01e7,60
71,5b017e972f301e0062501a31,60
72,5b017e99fe88c29ab13f0233,60
73,5b017e9a9f54540044d701c3,60
74,5b017e9ca22b9d0044b62aa7,60
75,5b017ea82f301e0062501a97,60
76,5b017ea917d009726f257897,60
77,5b017eaa9f54540044d7022a,60
73,5b017ee3a22b9d0044b62c5f,60
75,5b017ee39f54540044d7035a,60
78,5b017ee517d009726f2579f6,60
79,5b017ee8fe88c29ab13f040b,60
80,5b017efd67f356b38bdcfc7c,60
81,5b017f009f5454006f47a249,60
82,5b017efefe88c29ab13f049d,60
83,5b017eef7f6fd3188a659d61,60
83,5b017ef02f301e0062501c65,60
80,5b017f0517d009726f257ab6,60
72,5b017f04fb4ffe005d670840,60
71,5b017f04fe88c29ab13f04ba,60
83,5b017f009f54543b31b3ccc0,60
84,5b017f167f6fd3188a659e5c,60
82,5b017f06fb4ffe005d670852,60
84,5b017f1ea22b9d0044b62e8a,60
71,5b017f0917d009726f257aca,60
82,5b017f0a7f6fd3188a659e09,60
74,5b017f0cfb4ffe005d670886,60
83,5b017f1f9f54543b31b3cd9d,60
77,5b017f237f6fd3188a659eb3,60
85,5b017f262f301e0062501d92,60
85,5b017f2717d009726f257b7a,60
82,5b017f28fe88c29ab13f05a9,60
86,5b017f2b67f356b38bdcfda1,60
85,5b017f2c7f6fd3188a659ef1,60
71,5b017f2e9f5454006f47a37c,60
74,5b017f36ac502e5deddc422e,60
84,5b017fac9f54540044d70956,60
83,5b017fa967f356b38bdd025b,60
82,5b017fadfe88c29ab13f0a6f,60
87,5b017faf9f5454006f47a839,60
73,5b017fab2f301e006250221a,60
73,5b017faa2f301e0062502212,60
75,5b017f329f54540044d7053e,60
85,5b017fd0fe88c29ab13f0b1b,60
85,5b017fd17f6fd3188a65a44a,60
73,5b017fd8fb4ffe005d670f27,60
83,5b017fd39f54540044d70a2e,60
77,5b017fd467f356b38bdd0374,60
84,5b017fd5fb4ffe005d670f06,60
72,5b017fd644d9041d3f21a4d6,60
72,5b017fd9fb4ffe005d670f2f,60
77,5b017fdcfe88c29ab13f0c5b,60
73,5b017fe0ac502e5deddc47b0,60
78,5b017fe12f301e006250235f,60
83,5b017fe59f54543b31b3d345,60
81,5b017fe97f6fd3188a65a4ed,60
83,5b017ff444d9041d3f21a5a1,60
80,5b017ff5fe88c29ab13f0d0a,60
88,5b017ff69f5454006f47a9d3,60
83,5b017ff8fb4ffe005d670ff1,60
80,5b017ffb9f54543b31b3d3ef,60
74,5b017ffc67f356b38bdd04b2,60
72,5b017ffd9f54540044d70b58,60
81,5b0180009f54540044d70b72,60
89,5b018002fe88c29ab13f0d50,60
74,5b018003a22b9d0044b63579,60
72,5b01800467f356b38bdd0506,60
87,5b01800667f356b38bdd0518,60
74,5b01800d44d9041d3f21a64c,60
73,5b018010a22b9d0044b635d5,60
72,5b0180122f301e006250249e,60
85,5b018013fb4ffe005d6710c8,60
81,5b018016fe88c29ab13f0db6,60
81,5b0180169f54540044d70bec,60
79,5b0180199f5454006f47aaa5,60
90,5b01801b44d9041d3f21a6ba,60
80,5b01801e44d9041d3f21a6d0,60
73,5b018022fe88c29ab13f0e10,60
82,5b0180329f54540044d70ca0,60
81,5b018027ac502e5deddc494d,60
84,5b01802b17d009726f2583e3,60
80,5b01802cfe88c29ab13f0e5f,60
85,5b01802d2f301e006250253f,60
88,5b01803167f356b38bdd0617,60
79,5b018033fe88c29ab13f0e82,60
87,5b018035fb4ffe005d67118e,60
76,5b018035a22b9d0044b636c9,60
75,5b0180379f54543b31b3d56f,60
75,5b018038a22b9d0044b636e5,60
82,5b018039a22b9d0044b636ef,60
74,5b01803aac502e5deddc49c3,60
82,5b01803bac502e5deddc49d5,60
82,5b01803d67f356b38bdd068a,60
78,5b018041fe88c29ab13f0edd,60
78,5b0180439f54540044d70d28,60
81,5b0180429f54540044d70d08,60
76,5b0180459f5454006f47aba0,60
88,5b0180489f54543b31b3d5d5,60
90,5b0180499f54543b31b3d5df,60
87,5b018055a22b9d0044b6379a,60
74,5b01804aac502e5deddc4a33,60
90,5b01804e9f54543b31b3d603,60
77,5b01804b7f6fd3188a65a756,60
72,5b01804f9f54540044d70d75,60
80,5b018053fe88c29ab13f0f4d,60
76,5b0180562f301e006250264c,60
77,5b018058fb4ffe005d67127c,60
75,5b01805b9f54543b31b3d66f,60
83,5b01805cfe88c29ab13f0fa7,60
74,5b01805a2f301e0062502667,60
85,5b01805e67f356b38bdd073b,60
86,5b01805f44d9041d3f21a849,60
86,5b01806467f356b38bdd0769,60
86,5b01806a44d9041d3f21a8a6,60
84,5b01806cfb4ffe005d6712f9,60
86,5b01806d67f356b38bdd07b3,60
87,5b01806e44d9041d3f21a8cc,60
74,5b01806ffb4ffe005d671310,60
83,5b018070fe88c29ab13f1036,60
78,5b018072a22b9d0044b63846,60
82,5b018073a22b9d0044b63851,60
80,5b018074ac502e5deddc4b17,60
82,5b0180759f5454006f47acee,60
74,5b0180762f301e006250270f,60
80,5b01807717d009726f2585a8,60
76,5b0180849f5454006f47ad47,60
90,5b01807817d009726f2585b3,60
71,5b01808c9f54543b31b3d7bf,60
80,5b01808e67f356b38bdd087f,60
71,5b01807917d009726f2585bf,60
79,5b01808fa22b9d0044b63909,60
89,5b01807aac502e5deddc4b40,60
86,5b0180832f301e0062502764,60
87,5b018093fb4ffe005d6713ea,60
85,5b01809744d9041d3f21a9e0,60
83,5b01809cac502e5deddc4c1c,60
81,5b01809044d9041d3f21a99c,60
89,5b01809117d009726f25866e,60
72,5b0180929f5454006f47adcd,60
73,5b0180a0a22b9d0044b63984,60
86,5b0180a717d009726f258701,60
87,5b0180a8fb4ffe005d671472,60
81,5b0180aa2f301e0062502855,60
73,5b0180a917d009726f25870c,60
87,5b0180b42f301e00625028a9,60
74,5b0180b69f54540044d71006,60
72,5b0180c39f5454006f47af39,60
76,5b0180c49f5454006f47af44,60
85,5b0180c87f6fd3188a65aa71,60
73,5b0180c867f356b38bdd09e6,60
74,5b0180caa22b9d0044b63a77,60
82,5b0180cb9f54540044d710a9,60
90,5b0180cc9f5454006f47af85,60
79,5b0180ce44d9041d3f21ab34,60
88,5b0180d2ac502e5deddc4d5f,60
77,5b0180d3fb4ffe005d67155d,60
87,5b0180d444d9041d3f21ab5a,60
75,5b0180d69f54540044d710f3,60
75,5b0180d867f356b38bdd0a3d,60
90,5b0180e117d009726f258845,60
75,5b0180e1fe88c29ab13f1316,60
74,5b0180da67f356b38bdd0a4e,60
80,5b0180dc9f5454006f47aff7,60
71,5b0180e544d9041d3f21abec,60
81,5b0180dd2f301e00625029a4,60
88,5b0180dfa22b9d0044b63af0,60
89,5b0180df44d9041d3f21ab9f,60
79,5b0180e667f356b38bdd0abe,60
90,5b0180e79f54540044d7117e,60
82,5b0180f4ac502e5deddc4eaf,60
73,5b0180f69f54540044d71209,60
87,5b0180ea2f301e0062502a3f,60
71,5b0180ec17d009726f2588be,60
76,5b0180ebac502e5deddc4e57,60
89,5b0180f844d9041d3f21ac88,60
76,5b0180edac502e5deddc4e74,60
73,5b0180f967f356b38bdd0b4e,60
78,5b0180ee44d9041d3f21ac42,60
71,5b0180ef67f356b38bdd0b0d,60
84,5b0180fa67f356b38bdd0b55,60
88,5b0180fa17d009726f258931,60
84,5b01810017d009726f25895c,60
88,5b01810467f356b38bdd0b9e,60
90,5b018105ac502e5deddc4f17,60
83,5b0181062f301e0062502aff,60
85,5b0181089f54540044d7126e,60
87,5b01810e9f54540044d712a3,60
77,5b01811067f356b38bdd0bf4,60
71,5b01811bac502e5deddc4fee,60
85,5b01811c67f356b38bdd0c52,60
89,5b01811efb4ffe005d671796,60
72,5b01812367f356b38bdd0c89,60
79,5b01812a44d9041d3f21ade9,60
89,5b01812b17d009726f258a77,60
85,5b018130fe88c29ab13f1540,60
75,5b0181309f54540044d71382,60
72,5b0181367f6fd3188a65adfd,60
88,5b0181327f6fd3188a65addf,60
71,5b01813317d009726f258abc,60
84,5b018134a22b9d0044b63ddd,60
80,5b01813944d9041d3f21ae6a,60
85,5b01813a9f54543b31b3dc8b,60
71,5b0181372f301e0062502c97,60
77,5b01813b7f6fd3188a65ae31,60
79,5b01813c67f356b38bdd0d40,60
89,5b01813e9f54543b31b3dca7,60
89,5b01813f9f54543b31b3dcb1,60
73,5b018147ac502e5deddc516d,60
88,5b018148a22b9d0044b63e7e,60
77,5b018149fe88c29ab13f164f,60
76,5b01814f7f6fd3188a65aee5,60
71,5b018157ac502e5deddc52b4,60
78,5b0181589f54540044d714f4,60
84,5b01815944d9041d3f21af42,60
86,5b01815a9f54540044d71508,60
83,5b01815f17d009726f258c03,60
81,5b0181649f5454006f47b3f3,60
84,5b01816644d9041d3f21afae,60
85,5b018167fe88c29ab13f170b,60
82,5b0181689f5454006f47b418,60
82,5b01816aa22b9d0044b63f5f,60
80,5b01816c9f54540044d71584,60
86,5b01816ea22b9d0044b63f7b,60
86,5b0181709f5454006f47b4ba,60
89,5b01816f7f6fd3188a65afb5,60
90,5b0181719f54540044d715c4,60
82,5b01817217d009726f258c83,60
74,5b0181739f5454006f47b4fa,60
86,5b0181742f301e0062502e2f,60
86,5b018176a22b9d0044b63fab,60
73,5b01817717d009726f258c9e,60
90,5b018178fe88c29ab13f17e1,60
83,5b01817944d9041d3f21b062,60
88,5b01817a67f356b38bdd0f05,60
82,5b01817a44d9041d3f21b071,60
89,5b01817eac502e5deddc53af,60
73,5b0181812f301e0062502e87,60
74,5b0181822f301e0062502e91,60
77,5b0181839f54540044d71652,60
72,5b01818617d009726f258d01,60
84,5b01818a7f6fd3188a65b089,60
83,5b01818744d9041d3f21b0ce,60
81,5b0181882f301e0062502ebf,60
74,5b01818dac502e5deddc540a,60
77,5b01818917d009726f258d16,60
90,5b01818efe88c29ab13f1860,60
78,5b01818f44d9041d3f21b108,60
80,5b01819dfb4ffe005d671ade,60
87,5b0181957f6fd3188a65b0c5,60
81,5b0181a07f6fd3188a65b130,60
86,5b0181969f54540044d716ae,60
82,5b0181999f54540044d716b5,60
85,5b0181987f6fd3188a65b0d5,60
74,5b01819afb4ffe005d671ab4,60
86,5b0181a1a22b9d0044b640c1,60
80,5b01819ba22b9d0044b6409c,60
86,5b0181a29f54543b31b3e02f,60
82,5b0181a7a22b9d0044b640e7,60
74,5b0181ab2f301e0062502fe2,60
72,5b0181b19f54540044d71791,60
73,5b0181b19f54540044d7179a,60
83,5b0181a367f356b38bdd1053,60
72,5b0181a517d009726f258dc3,60
88,5b0181b27f6fd3188a65b1ba,60
78,5b0181b39f54543b31b3e097,60
86,5b0181b59f54540044d717b5,60
76,5b0181b5fb4ffe005d671bd2,60
88,5b0181b79f54540044d717cb,60
87,5b0181b9ac502e5deddc5574,60
84,5b0181bc9f5454006f47b6ac,60
73,5b0181bd9f54543b31b3e0de,60
87,5b0181b817d009726f258e38,60
74,5b0181bbac502e5deddc557f,60
77,5b0181be67f356b38bdd10ee,60
88,5b0181ba7f6fd3188a65b1ee,60
78,5b0181bf44d9041d3f21b27f,60
82,5b0181c067f356b38bdd1104,60
80,5b0181c144d9041d3f21b28f,60
77,5b0181c27f6fd3188a65b22c,60
88,5b0181c32f301e0062503069,60
82,5b0181c49f5454006f47b6e0,60
85,5b0181c5fe88c29ab13f19e7,60
84,5b0181c167f356b38bdd110c,60
86,5b0181fa7f6fd3188a65b3c8,60
80,5b0181fba22b9d0044b642f2,60
77,5b0181fc17d009726f258fdb,60
83,5b0181fe44d9041d3f21b43e,60
73,5b0181ff7f6fd3188a65b3e9,60
88,5b01820544d9041d3f21b47a,60
87,5b01820617d009726f25902c,60
88,5b01820844d9041d3f21b48f,60
74,5b01820ba22b9d0044b64359,60
87,5b018210a22b9d0044b64379,60
74,5b0182112f301e0062503298,60
79,5b0182149f54540044d71a0f,60
85,5b0182129f54543b31b3e2f8,60
71,5b0182159f5454006f47b8d6,60
82,5b0182179f5454006f47b8e2,60
81,5b0182189f5454006f47b8ec,60
89,5b01822017d009726f2590dd,60
71,5b018226ac502e5deddc583a,60
88,5b01823767f356b38bdd13a3,60
73,5b01823844d9041d3f21b5b3,60
77,5b0182399f54543b31b3e3ba,60
86,5b01823a44d9041d3f21b5bf,60
81,5b01823bfb4ffe005d671ee1,60
89,5b01823c9f54543b31b3e3ca,60
82,5b0182487f6fd3188a65b57d,60
81,5b01824967f356b38bdd1400,60
76,5b01824a9f5454006f47ba01,60
86,5b01824cac502e5deddc592d,60
74,5b01824f67f356b38bdd1418,60
86,5b0182519f54540044d71b63,60
90,5b018252fb4ffe005d671f5d,60
84,5b01825744d9041d3f21b65e,60
71,5b018259ac502e5deddc596f,60
78,5b01825afe88c29ab13f1e0c,60
75,5b01825bfe88c29ab13f1e1b,60
83,5b01825cfe88c29ab13f1e2a,60
79,5b01825c2f301e0062503461,60
78,5b01825d9f54540044d71bb9,60
81,5b0182629f54540044d71be7,60
74,5b0182637f6fd3188a65b633,60
87,5b0182647f6fd3188a65b640,60
87,5b018264ac502e5deddc59ef,60
86,5b018265a22b9d0044b645a8,60
77,5b0182669f5454006f47bade,60
90,5b018267fb4ffe005d672004,60
75,5b0182682f301e00625034fb,60
74,5b0182697f6fd3188a65b67b,60
85,5b01826aac502e5deddc5a23,60
76,5b01826b2f301e006250350a,60
81,5b01826cac502e5deddc5a31,60
88,5b01826dac502e5deddc5a3f,60
78,5b01826e44d9041d3f21b73a,60
78,5b01826f9f54540044d71c4b,60
84,5b0182709f54543b31b3e52d,60
87,5b018271fb4ffe005d67204a,60
77,5b0182729f54540044d71c61,60
84,5b01827467f356b38bdd1528,60
89,5b01827567f356b38bdd1535,60
81,5b018276a22b9d0044b6460f,60
75,5b01827744d9041d3f21b771,60
83,5b018278fb4ffe005d672077,60
88,5b018279fb4ffe005d67207e,60
77,5b01827967f356b38bdd155d,60
84,5b01827a9f5454006f47bb57,60
83,5b01827b9f54540044d71c9c,60
75,5b01827c44d9041d3f21b79c,60
88,5b01827dfb4ffe005d6720a4,60
83,5b01827e2f301e006250359c,60
80,5b01827f67f356b38bdd1588,60
82,5b01827ffb4ffe005d6720db,60
72,5b018280fe88c29ab13f1f7f,60
81,5b018281a22b9d0044b64681,60
75,5b01828244d9041d3f21b7e8,60
72,5b018283ac502e5deddc5ae5,60
72,5b0182849f54543b31b3e5c8,60
77,5b01828544d9041d3f21b7f9,60
76,5b018286fb4ffe005d67210c,60
73,5b0182879f54543b31b3e5da,60
72,5b01828867f356b38bdd15e0,60
84,5b01828944d9041d3f21b80b,60
79,5b01828b67f356b38bdd15f0,60
72,5b01828afb4ffe005d672129,60
90,5b01828c9f54543b31b3e5f6,60
85,5b01828d17d009726f2593ba,60
73,5b0182919f5454006f47bbde,60
76,5b018292a22b9d0044b646ed,60
83,5b0182932f301e0062503639,60
85,5b01829467f356b38bdd1628,60
72,5b0182957f6fd3188a65b7ae,60
78,5b0182969f54540044d71d48,60
76,5b0182979f5454006f47bc04,60
73,5b0182989f5454006f47bc0e,60
80,5b018299a22b9d0044b64713,60
81,5b01829a67f356b38bdd164c,60
77,5b01829b9f54540044d71d6b,60
86,5b01829cfe88c29ab13f2037,60
78,5b01829d17d009726f25942c,60
77,5b01829e9f54540044d71d7c,60
79,5b01829f7f6fd3188a65b7ed,60
89,5b0182a07f6fd3188a65b7f6,60
75,5b0182a1a22b9d0044b6474c,60
79,5b0182a29f5454006f47bc75,60
83,5b0182a39f54540044d71dab,60
83,5b0182a49f5454006f47bc95,60
74,5b0182a5fb4ffe005d6721c7,60
88,5b0182a6ac502e5deddc5bbc,60
79,5b0182a67f6fd3188a65b825,60
74,5b0182a72f301e00625036b9,60
89,5b0182adfb4ffe005d6721f9,60
71,5b0182a9ac502e5deddc5bcf,60
72,5b0182ae7f6fd3188a65b853,60
79,5b0182a99f54543b31b3e6a4,60
80,5b0182bbac502e5deddc5c52,60
79,5b0182aa9f54540044d71dde,60
74,5b0182ac44d9041d3f21b8f6,60
89,5b0182ab44d9041d3f21b8ea,60
88,5b0182bc9f54540044d71e60,60
88,5b0182c19f5454006f47bd61,60
84,5b0182c244d9041d3f21b97a,60
89,5b0182c47f6fd3188a65b8ef,60
80,5b0182c69f54543b31b3e751,60
81,5b0182c6a22b9d0044b64861,60
82,5b0182ea7f6fd3188a65b9cd,60
89,5b0182c3ac502e5deddc5c81,60
79,5b0182eb9f54543b31b3e843,60
82,5b0182c49f54540044d71e9b,60
90,5b0182ed9f5454006f47bea8,60
80,5b0182efa22b9d0044b6496d,60
79,5b0182f29f54543b31b3e871,60
84,5b0182f4a22b9d0044b6497f,60
79,5b0182f567f356b38bdd18d6,60
81,5b0182f8fe88c29ab13f22ac,60
85,5b0182f99f5454006f47bee3,60
88,5b0182faa22b9d0044b649a6,60
74,5b0182fbfb4ffe005d6723f0,60
84,5b0183009f5454006f47bf08,60
73,5b0183029f5454006f47bf17,60
90,5b018303ac502e5deddc5e37,60
71,5b018304fe88c29ab13f22e9,60
90,5b0183059f54543b31b3e8ce,60
73,5b018306fb4ffe005d672431,60
73,5b018307ac502e5deddc5e68,60
89,5b018309ac502e5deddc5e7e,60
79,5b01830b67f356b38bdd196d,60
79,5b01830ca22b9d0044b64a0b,60
71,5b0183279f54540044d72102,60
77,5b0183149f5454006f47bf78,60
71,5b018317ac502e5deddc5ebb,60
82,5b0183289f54543b31b3e995,60
86,5b01831cfb4ffe005d6724b9,60
80,5b0183299f54543b31b3e9a2,60
88,5b018324ac502e5deddc5f09,60
74,5b01832544d9041d3f21bbea,60
86,5b01832a67f356b38bdd1a26,60
89,5b01832517d009726f25978d,60
88,5b01832b9f54540044d7211e,60
82,5b01832c9f54543b31b3e9be,60
89,5b018330fe88c29ab13f2403,60
74,5b018331ac502e5deddc5f7e,60
88,5b018332fb4ffe005d67253d,60
75,5b018333a22b9d0044b64aea,60
86,5b018334fb4ffe005d67254e,60
84,5b0183357f6fd3188a65bb58,60
88,5b01833afb4ffe005d67256c,60
89,5b01833b9f54540044d72179,60
80,5b01833c9f54543b31b3ea15,60
71,5b01834767f356b38bdd1ad5,60
85,5b01833d44d9041d3f21bc87,60
84,5b01833e44d9041d3f21bc97,60
84,5b018353fe88c29ab13f24ba,60
74,5b01833f9f54543b31b3ea52,60
71,5b01834167f356b38bdd1abb,60
74,5b0183542f301e0062503ad8,60
87,5b01834217d009726f259840,60
83,5b0183547f6fd3188a65bc10,60
78,5b01835644d9041d3f21bd0a,60
73,5b018358a22b9d0044b64bab,60
82,5b0183597f6fd3188a65bc2c,60
87,5b01835e44d9041d3f21bd44,60
83,5b01835f67f356b38bdd1b5a,60
75,5b01836044d9041d3f21bd5b,60
80,5b01836ca22b9d0044b64c11,60
81,5b018364fe88c29ab13f2525,60
82,5b01836f2f301e0062503b62,60
71,5b018365ac502e5deddc60a1,60
74,5b0183679f54540044d72263,60
86,5b018372a22b9d0044b64c3b,60
80,5b0183699f54543b31b3eb37,60
77,5b018375ac502e5deddc60ea,60
72,5b01836a44d9041d3f21bd93,60
80,5b0183769f54540044d722be,60
74,5b01837a44d9041d3f21bde6,60
89,5b01837cfe88c29ab13f2599,60
89,5b0183809f5454006f47c201,60
84,5b018382a22b9d0044b64ca4,60
88,5b018384fe88c29ab13f25e4,60
71,5b01838517d009726f2599c8,60
82,5b018386a22b9d0044b64ccc,60
83,5b0183889f5454006f47c243,60
81,5b01838afe88c29ab13f2617,60
79,5b01838b44d9041d3f21be77,60
83,5b01838d2f301e0062503c22,60
78,5b01838e67f356b38bdd1ca8,60
73,5b01838f9f54543b31b3ec3c,60
76,5b0183902f301e0062503c3a,60
82,5b0183929f54543b31b3ec50,60
79,5b0183999f54543b31b3ec8c,60
73,5b01839e9f54540044d723b5,60
72,5b01839a44d9041d3f21becb,60
85,5b0183a944d9041d3f21bf24,60
83,5b0183ab7f6fd3188a65be43,60
84,5b0183ac9f54543b31b3ed2e,60
73,5b0183aea22b9d0044b64de8,60
85,5b0183affe88c29ab13f26cd,60
74,5b0183b0ac502e5deddc628a,60
75,5b0183b1a22b9d0044b64dfb,60
83,5b0183b2ac502e5deddc6295,60
88,5b0183b344d9041d3f21bf68,60
73,5b0183bca22b9d0044b64e2e,60
81,5b0183bd9f54540044d724a1,60
76,5b0183b944d9041d3f21bfa0,60
78,5b0183b57f6fd3188a65be86,60
80,5b0183b47f6fd3188a65be79,60
73,5b0183bea22b9d0044b64e3a,60
88,5b0183bf67f356b38bdd1de1,60
82,5b0183c3ac502e5deddc6311,60
80,5b0183c52f301e0062503d83,60
79,5b0183c49f54540044d724cf,60
83,5b0183c59f5454006f47c399,60
78,5b0183c72f301e0062503d94,60
81,5b0183c82f301e0062503d9b,60
79,5b0183c89f54543b31b3ede9,60
85,5b0183cafb4ffe005d6728c5,60
76,5b0183c99f5454006f47c3b8,60
86,5b0183cb9f54540044d72500,60
73,5b0183ccfb4ffe005d6728d4,60
87,5b0183cd2f301e0062503db1,60
71,5b0183ce17d009726f259b7c,60
74,5b0183cf67f356b38bdd1e3e,60
72,5b0183d09f54543b31b3ee27,60
80,5b0183d2fe88c29ab13f278c,60
86,5b0183d3fb4ffe005d672915,60
80,5b0183d4a22b9d0044b64eb5,60
86,5b0183d59f5454006f47c400,60
82,5b01842417d009726f259dc6,60
89,5b018425fb4ffe005d672af6,60
84,5b0184267f6fd3188a65c11f,60
74,5b01842667f356b38bdd2071,60
74,5b01842767f356b38bdd207a,60
74,5b0184282f301e0062503fae,60
88,5b0184299f5454006f47c600,60
84,5b01842a9f54540044d7272d,60
85,5b01844717d009726f259ec7,60
78,5b0184487f6fd3188a65c219,60
81,5b0184497f6fd3188a65c220,60
84,5b01844a2f301e0062504096,60
78,5b01844a9f5454006f47c731,60
75,5b01844c44d9041d3f21c34e,60
86,5b01844c9f54543b31b3f116,60
73,5b01844e17d009726f259ef4,60
88,5b01844e7f6fd3188a65c252,60
79,5b01844f17d009726f259f07,60
86,5b018450a22b9d0044b651d3,60
82,5b018451a22b9d0044b651dc,60
82,5b01845217d009726f259f1c,60
81,5b0184539f54540044d7283d,60
72,5b01845444d9041d3f21c381,60
82,5b0184559f5454006f47c771,60
77,5b0184557f6fd3188a65c27e,60
76,5b01845644d9041d3f21c38f,60
82,5b0184607f6fd3188a65c2b6,60
78,5b01845717d009726f259f3a,60
82,5b01846517d009726f259f84,60
89,5b0184589f5454006f47c78a,60
82,5b01846aa22b9d0044b65266,60
80,5b0184599f54543b31b3f15e,60
83,5b01845a67f356b38bdd21b2,60
72,5b01846b9f54540044d728fe,60
74,5b01846c2f301e00625041a4,60
79,5b01845b9f54543b31b3f16b,60
83,5b01846fac502e5deddc6739,60
78,5b018470ac502e5deddc6743,60
86,5b01847144d9041d3f21c424,60
81,5b018472fb4ffe005d672ccb,60
81,5b018479ac502e5deddc6773,60
77,5b01847aa22b9d0044b652b4,60
87,5b01847bfb4ffe005d672d03,60
76,5b01847ca22b9d0044b652bd,60
72,5b01847d9f5454006f47c83c,60
78,5b01848017d009726f25a015,60
88,5b0184819f54543b31b3f234,60
82,5b01848244d9041d3f21c478,60
75,5b01848444d9041d3f21c483,60
75,5b018483ac502e5deddc67ae,60
79,5b0184862f301e006250421c,60
79,5b01848917d009726f25a055,60
84,5b01848a7f6fd3188a65c38b,60
79,5b01848bac502e5deddc67dc,60
84,5b01849067f356b38bdd22e1,60
74,5b0184937f6fd3188a65c3bd,60
87,5b01849a9f54543b31b3f2cf,60
82,5b0184a49f54543b31b3f31b,60
80,5b0184a59f5454006f47c991,60
81,5b01849d9f5454006f47c95c,60
72,5b0184a6fe88c29ab13f2cca,60
90,5b01849f9f5454006f47c96b,60
89,5b0184a7a22b9d0044b653bb,60
76,5b0184a8fb4ffe005d672e72,60
78,5b0184a07f6fd3188a65c42f,60
82,5b0184a39f54543b31b3f313,60
75,5b0184adac502e5deddc68a4,60
85,5b0184b07f6fd3188a65c4b7,60
74,5b0184b167f356b38bdd2399,60
89,5b0184b29f54540044d72ac1,60
86,5b0184b8fb4ffe005d672ebf,60
79,5b0184b99f54540044d72ae1,60
76,5b0184beac502e5deddc6931,60
85,5b0184bf44d9041d3f21c60c,60
78,5b0184c02f301e0062504399,60
78,5b0184c19f5454006f47ca49,60
85,5b0184c29f54540044d72b2a,60
77,5b0184c39f54540044d72b37,60
87,5b0184c7fe88c29ab13f2d8a,60
86,5b0184c4a22b9d0044b6545d,60
81,5b0184c8a22b9d0044b6547e,60
71,5b0184c5a22b9d0044b65472,60
76,5b0184c9fb4ffe005d672f24,60
85,5b0184ca67f356b38bdd2448,60
83,5b0184c62f301e00625043c9,60
82,5b0184cb44d9041d3f21c6b8,60
77,5b0184ce7f6fd3188a65c57a,60
76,5b0184cffb4ffe005d672f4d,60
80,5b0184d044d9041d3f21c700,60
84,5b0184d144d9041d3f21c711,60
79,5b0184d244d9041d3f21c71e,60
86,5b0184d49f54540044d72b97,60
73,5b0184d89f5454006f47cad9,60
84,5b0184d59f5454006f47cac6,60
80,5b0184d9a22b9d0044b654e6,60
78,5b0184e29f5454006f47cb10,60
87,5b0184e42f301e0062504467,60
81,5b0184e5fb4ffe005d672fca,60
84,5b0184e69f54540044d72be9,60
83,5b0184e89f54540044d72bf4,60
77,5b0184e99f54540044d72c01,60
71,5b0184f59f5454006f47cb86,60
73,5b0184eafb4ffe005d672ffa,60
88,5b0184f7fe88c29ab13f2ebb,60
82,5b0184ebfe88c29ab13f2e74,60
77,5b0184f89f54540044d72c82,60
72,5b0184f0a22b9d0044b65555,60
82,5b0184f167f356b38bdd2556,60
84,5b0184f4ac502e5deddc6a99,60
82,5b0184f9ac502e5deddc6abb,60
85,5b0184faa22b9d0044b65595,60
87,5b0184fcfb4ffe005d673069,60
81,5b0184fdfe88c29ab13f2eec,60
88,5b0184fefb4ffe005d67307a,60
72,5b0184ff17d009726f25a334,60
82,5b0185022f301e0062504530,60
90,5b01850367f356b38bdd25ad,60
84,5b0185049f5454006f47cbe2,60
76,5b018507ac502e5deddc6b07,60
89,5b01850b17d009726f25a392,60
84,5b01850d9f5454006f47cc56,60
75,5b01850ea22b9d0044b65618,60
83,5b0185159f54543b31b3f64f,60
72,5b01851617d009726f25a3d7,60
80,5b018518fe88c29ab13f2f99,60
85,5b0185192f301e0062504627,60
74,5b01851a44d9041d3f21c8f8,60
75,5b01851c44d9041d3f21c904,60
73,5b01851d9f54540044d72d78,60
90,5b018528fe88c29ab13f2fef,60
85,5b01852aac502e5deddc6be7,60
79,5b01852aa22b9d0044b656c3,60
78,5b01852b7f6fd3188a65c7d6,60
80,5b01852c44d9041d3f21c982,60
72,5b01852ea22b9d0044b656da,60
75,5b0185322f301e00625046c4,60
77,5b0185329f5454006f47cd54,60
78,5b0185349f54543b31b3f6f0,60
78,5b018534a22b9d0044b6572a,60
71,5b0185372f301e00625046ed,60
73,5b01853efe88c29ab13f3089,60
80,5b018538a22b9d0044b65749,60
80,5b01853f9f54543b31b3f738,60
87,5b0185409f54543b31b3f73f,60
80,5b0185429f5454006f47cdb5,60
73,5b01854d44d9041d3f21ca79,60
87,5b018546ac502e5deddc6ca3,60
84,5b01854e2f301e00625047c3,60
71,5b01855017d009726f25a566,60
78,5b01854744d9041d3f21ca4c,60
82,5b0185482f301e0062504771,60
81,5b01854c9f54540044d72edb,60
87,5b0185529f54540044d72f0a,60
79,5b0185557f6fd3188a65c921,60
85,5b01855367f356b38bdd27dd,60
85,5b0185589f54543b31b3f7d1,60
83,5b01855d44d9041d3f21cac2,60
91,5b01855e9f5454006f47ce83,60
83,5b0185609f54540044d72f53,60
75,5b01856a44d9041d3f21cb12,60
75,5b01856367f356b38bdd282a,60
88,5b01856bfe88c29ab13f31ad,60
82,5b01856e7f6fd3188a65c99e,60
89,5b01856c9f5454006f47cece,60
86,5b01856da22b9d0044b658ed,60
72,5b0185707f6fd3188a65c9ac,60
76,5b01857317d009726f25a615,60
82,5b0185757f6fd3188a65c9d0,60
88,5b018576ac502e5deddc6de0,60
77,5b0185799f54540044d72fd8,60
78,5b01857a44d9041d3f21cb75,60
87,5b01857d7f6fd3188a65c9fe,60
90,5b01857fa22b9d0044b6594e,60
92,5b20fcba2f301e0035f19c81,60
84,5b018580fe88c29ab13f3219,60
93,5b2a065444d9040030c48938,60
77,5b0185869f54540044d73032,60
93,5b2a06ebac502e0031a75a18,60
72,5b01858a7f6fd3188a65ca5b,60
94,5b018576ac502e5deddc6de0,5
94,5b01855d44d9041d3f21cac2,5
95,5b018580fe88c29ab13f3219,5
95,5b018580fe88c29ab13f3219,5
72,5b01858ba22b9d0044b659ae,60
95,5b018580fe88c29ab13f3219,5
95,5b018580fe88c29ab13f3219,5
96,5b01858a7f6fd3188a65ca5b,5
96,5b01857fa22b9d0044b6594e,5
97,5b01858ba22b9d0044b659ae,5
92,5b016a739f5454006f470cec,5
92,5b016a739f5454006f470cec,5
98,5b01858a7f6fd3188a65ca5b,5
99,5b01858a7f6fd3188a65ca5b,5
91,5b01858ba22b9d0044b659ae,5
100,5b01858a7f6fd3188a65ca5b,5
91,5b01858ba22b9d0044b659ae,5
98,5b01858ba22b9d0044b659ae,5
100,5b01858a7f6fd3188a65ca5b,5
101,5b01858a7f6fd3188a65ca5b,5
99,5b01858ba22b9d0044b659ae,5
101,5b01858ba22b9d0044b659ae,5
101,5b01858a7f6fd3188a65ca5b,5
101,5b0185869f54540044d73032,5
100,5b01858ba22b9d0044b659ae,5
100,5b01858ba22b9d0044b659ae,5
101,5b0185869f54540044d73032,5
101,5b0185869f54540044d73032,5
101,5b01858ba22b9d0044b659ae,5
99,5b01858ba22b9d0044b659ae,5
91,5b01858ba22b9d0044b659ae,5
91,5b01858ba22b9d0044b659ae,5
101,5b01858ba22b9d0044b659ae,5
91,5b01858a7f6fd3188a65ca5b,50
102,5b0185707f6fd3188a65c9ac,50
102,5b018580fe88c29ab13f3219,50
84,5b01858ba22b9d0044b659ae,5
91,5b0185799f54540044d72fd8,50
98,5b016d9267f356b38bdc7961,50
92,5b5e836a0b6160003148110e,60
92,5b652a29ee920a003bdd840f,60
103,5b5e836a0b6160003148110e,50
104,5b01858ba22b9d0044b659ae,5
92,5b01858ba22b9d0044b659ae,50
104,5b01858a7f6fd3188a65ca5b,5
105,5b66a483fe88c2005b28a6c2,60
105,5b66a72b808ca4003c7df3db,60
102,5b66a483fe88c2005b28a6c2,50
104,5b01856da22b9d0044b658ed,5
104,5b01858ba22b9d0044b659ae,5
104,5b018580fe88c29ab13f3219,5
102,5b01857317d009726f25a615,50
104,5b01858ba22b9d0044b659ae,5
104,5b01858ba22b9d0044b659ae,5
104,5b01858ba22b9d0044b659ae,5
104,5b01857fa22b9d0044b6594e,5
106,5b752bfd756571003bc2f8d4,60
106,5b753975a22b9d0031383d23,60
106,5b753107808ca40070915ee4,60
92,5b7551c19f545400316a4aab,60
104,5b752bfd756571003bc2f8d4,50
104,5b7551c19f545400316a4aab,50
107,5b01858ba22b9d0044b659ae,5
95,5b7551c19f545400316a4aab,50
104,5b01858a7f6fd3188a65ca5b,50
104,5b018580fe88c29ab13f3219,50
97,5b018580fe88c29ab13f3219,50
107,5b01858a7f6fd3188a65ca5b,5
97,5b0185799f54540044d72fd8,5
94,5b01858ba22b9d0044b659ae,50
107,5b018451a22b9d0044b651dc,50
97,5b0185609f54540044d72f53,5
107,5b01858ba22b9d0044b659ae,50
94,5b0185707f6fd3188a65c9ac,50
94,5b01858a7f6fd3188a65ca5b,50
94,5b01852ea22b9d0044b656da,50
97,5b01856a44d9041d3f21cb12,5
97,5b01855d44d9041d3f21cac2,50
97,5b01856367f356b38bdd282a,50
92,5b018580fe88c29ab13f3219,5
92,5b017ddefb4ffe005d6700d9,5
92,5b01858a7f6fd3188a65ca5b,5
92,5b01858a7f6fd3188a65ca5b,50
102,5b7615a1ee920a003dfacc9f,60
104,5b01858a7f6fd3188a65ca5b,5
92,5b01856da22b9d0044b658ed,50
92,5b017df19f54543b31b3c5f8,50
104,5b01858a7f6fd3188a65ca5b,5
104,5b01858a7f6fd3188a65ca5b,5
104,5b018580fe88c29ab13f3219,5
104,5b01858a7f6fd3188a65ca5b,5
92,5b0185707f6fd3188a65c9ac,50
104,5b01858a7f6fd3188a65ca5b,5
104,5b01858a7f6fd3188a65ca5b,5
104,5b01858a7f6fd3188a65ca5b,5
104,5b01858a7f6fd3188a65ca5b,5
104,5b01858ba22b9d0044b659ae,5
97,5b01858ba22b9d0044b659ae,5
104,5b0185707f6fd3188a65c9ac,50
104,5b01856da22b9d0044b658ed,50
104,5b01856a44d9041d3f21cb12,50
104,5b01856c9f5454006f47cece,50
104,5b01856367f356b38bdd282a,50
104,5b0185557f6fd3188a65c921,50
104,5b0185482f301e0062504771,50
92,5b01857d7f6fd3188a65c9fe,50
97,5b01856e7f6fd3188a65c99e,50
108,5b01858a7f6fd3188a65ca5b,50
97,5b018576ac502e5deddc6de0,50
92,5b01854744d9041d3f21ca4c,50
104,5b01858ba22b9d0044b659ae,50
106,5b77e53567f356005f852b0e,60
92,5b0185482f301e0062504771,50
94,5b7615a1ee920a003dfacc9f,50
97,5b01856bfe88c29ab13f31ad,50
108,5b01858ba22b9d0044b659ae,50
108,5b018580fe88c29ab13f3219,50
102,5b01856367f356b38bdd282a,5
108,5b01857d7f6fd3188a65c9fe,50
108,5b0185799f54540044d72fd8,50
102,5b0185609f54540044d72f53,50
102,5b01856367f356b38bdd282a,50
102,5b01856c9f5454006f47cece,50
102,5b01856bfe88c29ab13f31ad,50
102,5b0185372f301e00625046ed,50
104,5b01854744d9041d3f21ca4c,50
104,5b0185429f5454006f47cdb5,50
97,5b01852aac502e5deddc6be7,50
104,5b7c3b5d67f356005fa4d3fd,5
104,5b01855e9f5454006f47ce83,50
104,5b7c3b5d67f356005fa4d3fd,5
104,5b7c3b5d67f356005fa4d3fd,5
104,5b01852c44d9041d3f21c982,50
104,5b0185322f301e00625046c4,50
104,5b7c3b5d67f356005fa4d3fd,5
104,5b0185589f54543b31b3f7d1,50
104,5b7c3b5d67f356005fa4d3fd,5
102,5b7c3b5d67f356005fa4d3fd,60
104,5b01858ba22b9d0044b659ae,5
104,5b7c3b5d67f356005fa4d3fd,5
92,5b7d192b756571003bfc0fbb,60
92,5b7c3b5d67f356005fa4d3fd,5
102,5b01858ba22b9d0044b659ae,5
102,5b7615a1ee920a003dfacc9f,5
92,5b7615a1ee920a003dfacc9f,5
92,5b7c3b5d67f356005fa4d3fd,5
92,5b01857d7f6fd3188a65c9fe,5
92,5b018576ac502e5deddc6de0,5
92,5b0185757f6fd3188a65c9d0,5
92,5b01856e7f6fd3188a65c99e,50
102,5b018538a22b9d0044b65749,50
92,5b01856e7f6fd3188a65c99e,5
92,5b01856c9f5454006f47cece,5
92,5b018546ac502e5deddc6ca3,5
92,5b018546ac502e5deddc6ca3,5
92,5b018518fe88c29ab13f2f99,5
92,5b018518fe88c29ab13f2f99,5
92,5b01856c9f5454006f47cece,50
92,5b01851617d009726f25a3d7,5
92,5b018546ac502e5deddc6ca3,50
92,5b018538a22b9d0044b65749,50
109,5b018580fe88c29ab13f3219,5
92,5b018518fe88c29ab13f2f99,50
92,5b01851617d009726f25a3d7,50
109,5b01855017d009726f25a566,50
92,5b0185022f301e0062504530,50
92,5b0185372f301e00625046ed,50
109,5b7615a1ee920a003dfacc9f,50
109,5b01855d44d9041d3f21cac2,50
104,5b7615a1ee920a003dfacc9f,50
109,5b018580fe88c29ab13f3219,50
109,5b01854c9f54540044d72edb,50
110,5b01856e7f6fd3188a65c99e,50
109,5b01857d7f6fd3188a65c9fe,50
110,5b7c3b5d67f356005fa4d3fd,50
110,5b0185799f54540044d72fd8,50
109,5b018576ac502e5deddc6de0,5
110,5b01857d7f6fd3188a65c9fe,50
110,5b01855e9f5454006f47ce83,50
110,5b0185557f6fd3188a65c921,50
110,5b01856bfe88c29ab13f31ad,50
109,5b018576ac502e5deddc6de0,50
109,5b01856da22b9d0044b658ed,50
111,5b01858a7f6fd3188a65ca5b,50
111,5b018580fe88c29ab13f3219,50
111,5b018576ac502e5deddc6de0,50
109,5b01856e7f6fd3188a65c99e,50
111,5b01857d7f6fd3188a65c9fe,50
111,5b01856da22b9d0044b658ed,50
110,5b01856da22b9d0044b658ed,50
111,5b8570560b6160006307923b,60
110,5b0185757f6fd3188a65c9d0,50
110,5b018580fe88c29ab13f3219,50
111,5b85708567f356003450eeb1,60
109,5b85708567f356003450eeb1,50
111,5b860523570c35003835e102,60
111,5b856ff9fb4ffe0031d6db6a,60
109,5b875848d50eee00390c80e5,60
111,5b857070a22b9d0037d3680c,60
104,5b01858ba22b9d0044b659ae,5
111,5b895a63ee920a003ba5ef8a,60
109,5b857070a22b9d0037d3680c,50
109,5b87586cd50eee00390c829a,60
109,5b87585c9f54540031117cf5,60
111,5b89599467f35600346f23a8,60
106,5b8e350c808ca4003dcde893,60
94,5b8e39ea0b616000634ae036,50
112,5b8e39ea0b616000634ae036,50
94,5b8e39ea0b616000634ae036,50
94,5b8e39ea0b616000634ae036,50
97,5b018580fe88c29ab13f3219,5
104,5b8e39ea0b616000634ae036,50
97,5b017df19f54543b31b3c5f8,5
104,5b01854c9f54540044d72edb,50
97,5b0179292f301e00624ff1eb,5
111,5b0179292f301e00624ff1eb,50
97,5b01855e9f5454006f47ce83,5
111,5b016d9267f356b38bdc7961,50
97,5b016d9267f356b38bdc7961,50
113,5b018580fe88c29ab13f3219,5
111,5b0185707f6fd3188a65c9ac,5
94,5b017df19f54543b31b3c5f8,5
113,5b018580fe88c29ab13f3219,50
94,5b8e39ea0b616000634ae036,5
97,5b017df19f54543b31b3c5f8,50
113,5b017df19f54543b31b3c5f8,50
94,5b017df19f54543b31b3c5f8,50
109,5b01857d7f6fd3188a65c9fe,5
109,5b01854c9f54540044d72edb,5
109,5b01854c9f54540044d72edb,5
109,5b01854c9f54540044d72edb,5
114,5b0185482f301e0062504771,50
114,5b01854744d9041d3f21ca4c,50
114,5b018546ac502e5deddc6ca3,50
109,5b0185482f301e0062504771,5
104,5b8e39ea0b616000634ae036,5
94,5b8e39ea0b616000634ae036,5
109,5b0185482f301e0062504771,50
94,5b01856e7f6fd3188a65c99e,50
109,5b017df19f54543b31b3c5f8,50
104,5b01857d7f6fd3188a65c9fe,50
109,5b018580fe88c29ab13f3219,5
94,5b8e350c808ca4003dcde893,50
109,5b017df19f54543b31b3c5f8,5
109,5b01858a7f6fd3188a65ca5b,50
94,5b01858ba22b9d0044b659ae,50
109,5b0179292f301e00624ff1eb,50
94,5b0185609f54540044d72f53,50
94,5b8e39ea0b616000634ae036,5
109,5b018580fe88c29ab13f3219,5
109,5b016d9267f356b38bdc7961,50
109,5b018580fe88c29ab13f3219,5
109,5b0185799f54540044d72fd8,5
109,5b01858a7f6fd3188a65ca5b,5
109,5b0185799f54540044d72fd8,5
104,5b8e39ea0b616000634ae036,5
104,5b8e39ea0b616000634ae036,5
104,5b8e39ea0b616000634ae036,5
104,5b8e39ea0b616000634ae036,5
104,5b8e350c808ca4003dcde893,5
104,5b01858ba22b9d0044b659ae,5
109,5b0185799f54540044d72fd8,50
104,5b8e39ea0b616000634ae036,5
104,5b8e39ea0b616000634ae036,5
104,5b8e39ea0b616000634ae036,5
104,5b8e39ea0b616000634ae036,5
104,5b8e39ea0b616000634ae036,5
104,5b8e39ea0b616000634ae036,5
104,5b8e39ea0b616000634ae036,5
104,5b8e39ea0b616000634ae036,5
104,5b8e39ea0b616000634ae036,5
104,5b8e39ea0b616000634ae036,5
104,5b8e39ea0b616000634ae036,5
104,5b8e39ea0b616000634ae036,5
104,5b8e350c808ca4003dcde893,5
104,5b8e39ea0b616000634ae036,5
104,5b8e350c808ca4003dcde893,5
104,5b01858ba22b9d0044b659ae,5
104,5b8e39ea0b616000634ae036,5
104,5b8e39ea0b616000634ae036,5
104,5b8e39ea0b616000634ae036,5
104,5b8e39ea0b616000634ae036,5
104,5b8e39ea0b616000634ae036,5
104,5b8e39ea0b616000634ae036,5
104,5b8e39ea0b616000634ae036,5
104,5b8e39ea0b616000634ae036,5
104,5b8e39ea0b616000634ae036,5
104,5b8e39ea0b616000634ae036,5
104,5b8e39ea0b616000634ae036,5
104,5b8e39ea0b616000634ae036,5
104,5b8e39ea0b616000634ae036,5
104,5b0179292f301e00624ff1eb,5
104,5b01852aa22b9d0044b656c3,5
106,5bcfdf6d0b61600066b0972a,60
114,5b8e39ea0b616000634ae036,50
106,5bcfdf7717d0090062c58bc3,60
106,5bcfdfbbee920a0068b2e604,60
115,5b8e39ea0b616000634ae036,50
106,5bcfe00fac502e0061a02f01,60
104,5b017df19f54543b31b3c5f8,50
106,5bcfe0249f545400666894c9,60
104,5b01814f7f6fd3188a65aee5,50
106,5bcfeb86ee920a0068b391c9,60
109,5bd2d012ac502e0061c36fff,60
116,5bd2f02417d0090062eaf31b,60
106,5bd2f5770b61600066d66f8c,60
106,5bd2f6d90b61600066d68a3d,60
106,5bd5434d44d904005ebe03d6,60
109,5bd2cdefac502e0061c34f95,60
111,5bd6a78dee920a0068369e8b,60
106,5bd2d4519f5454006ef5a61c,60
106,5bd2f5330b61600066d66a7b,60
111,5bd6a81dee920a006836aa7d,60
117,5bd6d0fdac502e0061f88e0c,60
117,5bd2f040ee920a0068e9e978,50
109,5bd835629f54540066d258d9,60
117,5bd6df1317d00900621e9bb2,60
117,5bd2f040ee920a0068e9e978,50
117,5bd6ea5c0b616000660b11f0,60
117,5bd6f268ee920a00681f12f6,60
117,5bd7bd2c0b616000661421bd,60
117,5bd2f040ee920a0068e9e978,50
117,5bd2f040ee920a0068e9e978,50
106,5bd832639f54540066d22866,60
117,5bd2f040ee920a0068e9e978,50
117,5bd2f040ee920a0068e9e978,50
117,5bd2f040ee920a0068e9e978,50
117,5bd2f040ee920a0068e9e978,50
117,5bd2f040ee920a0068e9e978,50
117,5bd2f040ee920a0068e9e978,50
117,5bd2f040ee920a0068e9e978,50
117,5bd2f040ee920a0068e9e978,50
117,5bd2f040ee920a0068e9e978,50
117,5bd2f040ee920a0068e9e978,50
117,5bd2f040ee920a0068e9e978,50
117,5bd2f040ee920a0068e9e978,50
117,5bd2f040ee920a0068e9e978,50
117,5bd2f040ee920a0068e9e978,50
117,5bd2f040ee920a0068e9e978,50
